<?xml version="1.0" encoding="UTF-8"?>
<project-private xmlns="http://www.netbeans.org/ns/project-private/1">
    <editor-bookmarks xmlns="http://www.netbeans.org/ns/editor-bookmarks/2" lastBookmarkId="0"/>
    <open-files xmlns="http://www.netbeans.org/ns/projectui-open-files/2">
        <group>
            <file>file:/C:/Users/hp/Documents/NetBeansProjects/TechBlog/src/java/com/tech/blog/dao/UserDao.java</file>
            <file>file:/C:/Users/hp/Documents/NetBeansProjects/TechBlog/web/profile.jsp</file>
            <file>file:/C:/Users/hp/Documents/NetBeansProjects/TechBlog/web/error_page.jsp</file>
            <file>file:/C:/Users/hp/Documents/NetBeansProjects/TechBlog/src/java/com/tech/blog/servlets/EditServlet.java</file>
            <file>file:/C:/Users/hp/Documents/NetBeansProjects/TechBlog/src/java/com/tech/blog/helper/Helper.java</file>
            <file>file:/C:/Users/hp/Documents/NetBeansProjects/TechBlog/web/WEB-INF/web.xml</file>
        </group>
    </open-files>
</project-private>
